start_dt,stop_dt,duration,depth,scramble,is_solved,solve_steps,sol_len_naive,sol_len_bfs,tree_depth_max,tree_depth_mean
2024-09-02T13:47:12.750902,2024-09-02T13:47:12.790328,0.039426,1,10,1,1,1,1,1,1.0
2024-09-02T13:47:12.790404,2024-09-02T13:47:12.791203,0.000799,1,1,1,1,1,1,1,1.0
2024-09-02T13:47:12.791265,2024-09-02T13:47:12.791977,0.000712,1,0,1,1,1,1,1,1.0
2024-09-02T13:47:12.792036,2024-09-02T13:47:12.792733,0.000697,1,11,1,1,1,1,1,1.0
2024-09-02T13:47:12.792791,2024-09-02T13:47:12.793492,0.000701,1,4,1,1,1,1,1,1.0
2024-09-02T13:47:12.793554,2024-09-02T13:47:12.795371,0.001817,2,10 1,1,3,2,2,2,1.6875
2024-09-02T13:47:12.795481,2024-09-02T13:47:12.797212,0.001731,2,0 11,1,3,2,2,2,1.6875
2024-09-02T13:47:12.797364,2024-09-02T13:47:12.799075,0.001711,2,4 3,1,3,2,2,2,1.6875
2024-09-02T13:47:12.799222,2024-09-02T13:47:12.801160,0.001938,2,3 2,1,3,2,2,2,1.6875
2024-09-02T13:47:12.801270,2024-09-02T13:47:12.802974,0.001704,2,11 1,1,3,2,2,2,1.6875
2024-09-02T13:47:12.803119,2024-09-02T13:47:12.807078,0.003959,3,10 1 0,1,7,3,3,3,2.4125
2024-09-02T13:47:12.807352,2024-09-02T13:47:12.810624,0.003272,3,11 4 3,1,6,3,3,3,2.2096774193548385
2024-09-02T13:47:12.810893,2024-09-02T13:47:12.813765,0.002872,3,3 2 11,1,5,3,3,3,2.0384615384615383
2024-09-02T13:47:12.813996,2024-09-02T13:47:12.817211,0.003215,3,1 10 11,1,6,3,3,3,2.3142857142857145
2024-09-02T13:47:12.817446,2024-09-02T13:47:12.821151,0.003705,3,8 1 9,1,7,3,3,3,2.1944444444444446
2024-09-02T13:47:12.821459,2024-09-02T13:47:12.828091,0.006632,4,10 1 0 11,1,10,4,4,4,2.7636363636363637
2024-09-02T13:47:12.828533,2024-09-02T13:47:12.832173,0.00364,4,4 3 3 2,1,6,4,4,4,2.896551724137931
2024-09-02T13:47:12.832491,2024-09-02T13:47:12.838413,0.005922,4,11 1 10 11,1,11,4,4,4,2.9324324324324325
2024-09-02T13:47:12.838972,2024-09-02T13:47:12.845183,0.006211,4,8 1 9 6,1,11,4,4,4,2.808333333333333
2024-09-02T13:47:12.845664,2024-09-02T13:47:12.852200,0.006536,4,0 0 1 3,1,12,4,4,4,2.9782608695652173
2024-09-02T13:47:12.852726,2024-09-02T13:47:12.976953,0.124227,5,10 1 0 11 4,1,166,23,5,10,5.941292226959659
2024-09-02T13:47:12.983060,2024-09-02T13:47:13.250914,0.267854,5,3 3 2 11 1,1,319,5,5,12,7.312609910003103
2024-09-02T13:47:13.259905,2024-09-02T13:47:13.294478,0.034573,5,10 11 8 1 9,1,60,5,5,7,4.460280373831775
2024-09-02T13:47:13.297168,2024-09-02T13:47:13.304279,0.007111,5,6 1 3 3 8,1,12,5,5,5,3.720812182741117
2024-09-02T13:47:13.304951,2024-09-02T13:47:13.368350,0.063399,5,9 0 8 3 11,1,94,15,5,7,4.61609907120743
2024-09-02T13:47:13.372521,2024-09-02T13:47:16.739640,3.367119,6,10 1 0 11 4 3,1,3721,36,6,16,9.035592763702764
2024-09-02T13:47:16.841413,2024-09-02T13:47:17.103041,0.261628,6,3 2 11 1 10 11,1,337,6,6,11,7.878481128618541
2024-09-02T13:47:17.120019,2024-09-02T13:47:18.387255,1.267236,6,8 1 9 6 1 3,1,1380,6,6,13,8.733194679414549
2024-09-02T13:47:18.446264,2024-09-02T13:47:18.454346,0.008082,6,3 8 9 0 8 3,1,8,4,4,4,2.963636363636364
2024-09-02T13:47:18.454770,2024-09-02T13:47:18.802256,0.347486,6,11 10 11 8 6 3,1,551,6,6,10,6.385342151437441
2024-09-02T13:47:18.834082,2024-09-02T13:47:25.463503,6.629421,7,10 1 0 11 4 3 3,1,7465,31,7,15,9.039617429157424
2024-09-02T13:47:25.714516,2024-09-02T13:47:41.841557,16.127041,7,2 11 1 10 11 8 1,1,22084,7,7,18,8.876349071315419
2024-09-02T13:47:42.992698,2024-09-02T13:47:43.119921,0.127223,7,9 6 1 3 3 8 9,1,75,5,5,9,6.198509485094851
2024-09-02T13:47:43.122325,2024-09-02T13:47:44.059479,0.937154,7,0 8 3 11 10 11 8,1,1210,7,7,16,10.092699806518826
2024-09-02T13:47:44.170489,2024-09-02T13:49:28.039903,103.869414,7,6 3 7 9 4 0 2,1,76641,233,7,18,10.780857210176649
2024-09-02T13:49:29.844451,2024-09-02T13:49:32.839630,2.995179,8,10 1 0 11 4 3 3 2,1,3464,18,10,14,7.4667814037642595
2024-09-02T13:49:33.219597,2024-09-02T13:50:48.017304,74.797707,8,11 1 10 11 8 1 9 6,0,100001,-1,-1,20,10.56978170772266
2024-09-02T13:50:50.986026,2024-09-02T13:50:51.767012,0.780986,8,0 0 1 3 3 8 9 0,1,651,6,6,11,7.112041210560206
2024-09-02T13:50:51.797253,2024-09-02T13:50:59.616075,7.818822,8,8 3 11 10 11 8 6 3,1,9845,8,8,15,10.42796186986732
2024-09-02T13:51:01.135133,2024-09-02T13:53:15.235723,134.10059,8,7 9 4 0 2 11 6 5,0,100001,-1,-1,21,12.955923128952147
2024-09-02T13:53:18.632838,2024-09-02T13:53:24.459097,5.826259,9,10 1 0 11 4 3 3 2 11,1,5933,21,11,15,9.00092707154666
2024-09-02T13:53:25.526916,2024-09-02T13:55:07.325203,101.798287,9,1 10 11 8 1 9 6 1 3,0,100001,-1,-1,22,12.769252187579193
2024-09-02T13:55:14.619487,2024-09-02T13:55:19.746776,5.127289,9,3 8 9 0 8 3 11 10 11,1,4324,7,7,15,9.674852540165343
2024-09-02T13:55:19.977105,2024-09-02T13:56:49.486751,89.509646,9,8 6 3 7 9 4 0 2 11,0,100001,-1,-1,19,10.346072522639789
2024-09-02T13:56:51.142125,2024-09-02T13:57:14.521891,23.379766,9,6 5 4 2 3 5 1 1 6,1,26895,11,9,15,9.959394608509434
2024-09-02T13:57:17.841918,2024-09-02T13:58:59.377489,101.535571,10,10 1 0 11 4 3 3 2 11 1,0,100001,-1,-1,22,12.090589356823234
2024-09-02T13:59:07.023457,2024-09-02T14:00:23.716038,76.692581,10,10 11 8 1 9 6 1 3 3 8,0,100001,-1,-1,19,10.417620829676732
2024-09-02T14:00:26.061894,2024-09-02T14:02:18.068518,112.006624,10,9 0 8 3 11 10 11 8 6 3,0,100001,-1,-1,22,13.012212504879907
2024-09-02T14:02:29.649913,2024-09-02T14:04:06.526908,96.876995,10,7 9 4 0 2 11 6 5 4 2,0,100001,-1,-1,21,12.515652185002612
2024-09-02T14:04:11.087603,2024-09-02T14:05:50.778503,99.6909,10,3 5 1 1 6 1 5 5 9 4,0,100001,-1,-1,23,12.312350741260122
2024-09-02T14:05:54.381478,2024-09-02T14:07:40.612726,106.231248,11,10 1 0 11 4 3 3 2 11 1 10,0,100001,-1,-1,22,12.405229703645809
2024-09-02T14:07:45.958249,2024-09-02T14:09:11.448072,85.489823,11,11 8 1 9 6 1 3 3 8 9 0,0,100001,-1,-1,21,11.279575400462948
2024-09-02T14:09:14.551433,2024-09-02T14:10:42.277708,87.726275,11,8 3 11 10 11 8 6 3 7 9 4,0,100001,-1,-1,19,11.53970277476124
2024-09-02T14:10:47.206292,2024-09-02T14:12:08.464474,81.258182,11,0 2 11 6 5 4 2 3 5 1 1,0,100001,-1,-1,18,10.34485672593886
2024-09-02T14:12:11.641037,2024-09-02T14:13:38.081038,86.440001,11,6 1 5 5 9 4 0 11 7 8 1,0,100001,-1,-1,22,11.765657368083351
2024-09-02T14:13:41.665294,2024-09-02T14:15:32.587445,110.922151,12,10 1 0 11 4 3 3 2 11 1 10 11,0,100001,-1,-1,22,11.786291104184755
2024-09-02T14:15:35.543348,2024-09-02T14:16:59.504323,83.960975,12,8 1 9 6 1 3 3 8 9 0 8 3,0,100001,-1,-1,19,11.04781402867233
2024-09-02T14:17:04.196847,2024-09-02T14:19:10.594887,126.39804,12,11 10 11 8 6 3 7 9 4 0 2 11,0,100001,-1,-1,22,11.525227558056164
2024-09-02T14:19:12.945479,2024-09-02T14:21:11.268783,118.323304,12,6 5 4 2 3 5 1 1 6 1 5 5,0,100001,-1,-1,22,13.303965113220785
2024-09-02T14:21:22.411824,2024-09-02T14:22:40.890332,78.478508,12,9 4 0 11 7 8 1 6 1 8 4 9,0,100001,-1,-1,19,10.162396709329274
2024-09-02T14:22:43.866577,2024-09-02T14:24:14.138597,90.27202,13,10 1 0 11 4 3 3 2 11 1 10 11 8,0,100001,-1,-1,18,10.246167708308672
2024-09-02T14:24:16.481512,2024-09-02T14:25:30.557801,74.076289,13,1 9 6 1 3 3 8 9 0 8 3 11 10,0,100001,-1,-1,19,10.516850621011919
2024-09-02T14:25:33.390722,2024-09-02T14:27:03.982007,90.591285,13,11 8 6 3 7 9 4 0 2 11 6 5 4,0,100001,-1,-1,22,10.525683537884394
2024-09-02T14:27:06.250145,2024-09-02T14:28:21.351602,75.101457,13,2 3 5 1 1 6 1 5 5 9 4 0 11,0,100001,-1,-1,18,10.1253119356542
2024-09-02T14:28:23.794657,2024-09-02T14:29:38.714423,74.919766,13,7 8 1 6 1 8 4 9 5 9 11 1 0,0,100001,-1,-1,17,10.206577358655931
2024-09-02T14:29:42.164040,2024-09-02T14:31:00.248320,78.08428,14,10 1 0 11 4 3 3 2 11 1 10 11 8 1,0,100001,-1,-1,18,10.019541110245973
2024-09-02T14:31:03.069502,2024-09-02T14:32:20.380055,77.310553,14,9 6 1 3 3 8 9 0 8 3 11 10 11 8,0,100001,-1,-1,21,10.622337098323491
2024-09-02T14:32:23.872211,2024-09-02T14:33:44.900584,81.028373,14,6 3 7 9 4 0 2 11 6 5 4 2 3 5,0,100001,-1,-1,20,11.027020399931867
2024-09-02T14:33:49.362370,2024-09-02T14:35:06.612172,77.249802,14,1 1 6 1 5 5 9 4 0 11 7 8 1 6,0,100001,-1,-1,16,9.670159584535838
2024-09-02T14:35:09.129709,2024-09-02T14:36:22.108353,72.978644,14,1 8 4 9 5 9 11 1 0 10 3 4 1 3,0,100001,-1,-1,18,9.90281842694535
2024-09-02T14:36:24.535900,2024-09-02T14:37:41.274319,76.738419,15,10 1 0 11 4 3 3 2 11 1 10 11 8 1 9,0,100001,-1,-1,17,9.795904810274454
2024-09-02T14:37:43.308401,2024-09-02T14:38:58.042972,74.734571,15,6 1 3 3 8 9 0 8 3 11 10 11 8 6 3,0,100001,-1,-1,19,10.501490195579219
2024-09-02T14:39:00.729270,2024-09-02T14:40:30.350985,89.621715,15,7 9 4 0 2 11 6 5 4 2 3 5 1 1 6,0,100001,-1,-1,22,11.376445098925453
2024-09-02T14:40:33.120983,2024-09-02T14:41:57.077740,83.956757,15,1 5 5 9 4 0 11 7 8 1 6 1 8 4 9,0,100001,-1,-1,21,12.247418011966033
2024-09-02T14:42:03.095111,2024-09-02T14:44:24.158829,141.063718,15,5 9 11 1 0 10 3 4 1 3 1 6 4 7 10,0,100001,-1,-1,22,12.455984560350293
2024-09-02T14:44:26.164153,2024-09-02T14:45:41.326302,75.162149,16,10 1 0 11 4 3 3 2 11 1 10 11 8 1 9 6,0,100001,-1,-1,18,10.062719513819255
2024-09-02T14:45:44.048605,2024-09-02T14:46:56.960818,72.912213,16,0 0 1 3 3 8 9 0 8 3 11 10 11 8 6 3,0,100001,-1,-1,19,10.899366548641677
2024-09-02T14:47:00.077261,2024-09-02T14:48:33.989804,93.912543,16,7 9 4 0 2 11 6 5 4 2 3 5 1 1 6 1,0,100001,-1,-1,22,12.186777524924208
2024-09-02T14:48:39.384945,2024-09-02T14:49:58.684524,79.299579,16,5 5 9 4 0 11 7 8 1 6 1 8 4 9 5 9,0,100001,-1,-1,19,10.653806900938532
2024-09-02T14:50:01.605839,2024-09-02T14:52:01.306340,119.700501,16,3 11 1 0 10 3 4 1 3 1 6 4 7 10 5 2,0,100001,-1,-1,20,11.735345397393283
2024-09-02T14:52:03.668222,2024-09-02T14:53:19.648355,75.980133,17,10 1 0 11 4 3 3 2 11 1 10 11 8 1 9 6 1,0,100001,-1,-1,19,11.082323851443059
2024-09-02T14:53:24.654899,2024-09-02T14:54:53.570881,88.915982,17,3 3 8 9 0 8 3 11 10 11 8 6 3 7 9 4 0,0,100001,-1,-1,18,12.108152880270726
2024-09-02T14:54:59.791569,2024-09-02T14:56:14.312117,74.520548,17,2 11 6 5 4 2 3 5 1 1 6 1 5 5 9 4 0,0,100001,-1,-1,20,10.181009710226798
2024-09-02T14:56:17.107046,2024-09-02T14:57:32.764089,75.657043,17,11 7 8 1 6 1 8 4 9 5 9 11 1 0 10 3 4,0,100001,-1,-1,18,9.676554216252855
2024-09-02T14:57:35.373498,2024-09-02T14:58:51.329966,75.956468,17,1 3 1 6 4 7 10 5 2 5 5 3 10 11 10 10 1,0,100001,-1,-1,18,10.283621919981552
2024-09-02T14:58:54.551340,2024-09-02T15:00:13.658008,79.106668,18,10 1 0 11 4 3 3 2 11 1 10 11 8 1 9 6 1 3,0,100001,-1,-1,19,10.848759274505149
2024-09-02T15:00:16.597619,2024-09-02T15:01:48.375055,91.777436,18,3 8 9 0 8 3 11 10 11 8 6 3 7 9 4 0 2 11,0,100001,-1,-1,17,10.759514180304155
2024-09-02T15:01:51.316087,2024-09-02T15:03:11.179710,79.863623,18,6 5 4 2 3 5 1 1 6 1 5 5 9 4 0 11 7 8,0,100001,-1,-1,19,11.02973485027311
2024-09-02T15:03:15.132670,2024-09-02T15:04:29.666895,74.534225,18,1 6 1 8 4 9 5 9 11 1 0 10 3 4 1 3 1 6,0,100001,-1,-1,19,10.411758713963481
2024-09-02T15:04:32.323612,2024-09-02T15:05:49.737394,77.413782,18,4 7 10 5 2 5 5 3 10 11 10 10 1 9 10 2 11 3,0,100001,-1,-1,19,10.774770662602135
2024-09-02T15:05:52.440187,2024-09-02T15:07:06.673205,74.233018,19,10 1 0 11 4 3 3 2 11 1 10 11 8 1 9 6 1 3 3,0,100001,-1,-1,18,10.07216128282168
2024-09-02T15:07:09.996585,2024-09-02T15:08:51.604720,101.608135,19,8 9 0 8 3 11 10 11 8 6 3 7 9 4 0 2 11 6 5,0,100001,-1,-1,21,12.290098620094836
2024-09-02T15:08:58.066304,2024-09-02T15:10:20.796727,82.730423,19,4 2 3 5 1 1 6 1 5 5 9 4 0 11 7 8 1 6 1,0,100001,-1,-1,21,11.354291771052372
2024-09-02T15:10:24.295467,2024-09-02T15:11:55.369513,91.074046,19,8 4 9 5 9 11 1 0 10 3 4 1 3 1 6 4 7 10 5,0,100001,-1,-1,19,12.005849255127705
2024-09-02T15:11:59.840605,2024-09-02T15:13:14.912823,75.072218,19,2 5 5 3 10 11 10 10 1 9 10 2 11 3 2 7 6 4 11,0,100001,-1,-1,19,9.66494859851784
2024-09-02T15:13:17.102504,2024-09-02T15:14:33.776122,76.673618,20,10 1 0 11 4 3 3 2 11 1 10 11 8 1 9 6 1 3 3 8,0,100001,-1,-1,18,9.85295479621742
2024-09-02T15:14:36.591488,2024-09-02T15:16:00.880326,84.288838,20,9 0 8 3 11 10 11 8 6 3 7 9 4 0 2 11 6 5 4 2,0,100001,-1,-1,19,10.868077674202468
2024-09-02T15:16:05.191019,2024-09-02T15:17:24.344998,79.153979,20,3 5 1 1 6 1 5 5 9 4 0 11 7 8 1 6 1 8 4 9,0,100001,-1,-1,18,10.136183942829685
2024-09-02T15:17:27.084575,2024-09-02T15:19:07.615309,100.530734,20,5 9 11 1 0 10 3 4 1 3 1 6 4 7 10 5 2 5 5 3,0,100001,-1,-1,22,10.89389757838147
2024-09-02T15:19:09.763785,2024-09-02T15:20:43.257842,93.494057,20,10 11 10 10 1 9 10 2 11 3 2 7 6 4 11 8 3 10 5 0,0,100001,-1,-1,20,11.179029473854468
2024-09-02T15:20:46.111332,2024-09-02T15:22:04.615515,78.504183,21,10 1 0 11 4 3 3 2 11 1 10 11 8 1 9 6 1 3 3 8 9,0,100001,-1,-1,17,9.95558363888274
2024-09-02T15:22:07.293333,2024-09-02T15:23:28.576947,81.283614,21,0 8 3 11 10 11 8 6 3 7 9 4 0 2 11 6 5 4 2 3 5,0,100001,-1,-1,18,10.595191363427036
2024-09-02T15:23:32.259870,2024-09-02T15:24:49.066898,76.807028,21,1 1 6 1 5 5 9 4 0 11 7 8 1 6 1 8 4 9 5 9 11,0,100001,-1,-1,18,10.232855814632112
2024-09-02T15:24:51.920589,2024-09-02T15:26:15.611575,83.690986,21,1 0 10 3 4 1 3 1 6 4 7 10 5 2 5 5 3 10 11 10 10,0,100001,-1,-1,20,11.244319885893582
2024-09-02T15:26:19.025856,2024-09-02T15:27:54.154629,95.128773,21,1 9 10 2 11 3 2 7 6 4 11 8 3 10 5 0 3 0 5 6 4,0,100001,-1,-1,19,11.218081965817442
2024-09-02T15:27:57.269726,2024-09-02T15:29:19.621138,82.351412,22,10 1 0 11 4 3 3 2 11 1 10 11 8 1 9 6 1 3 3 8 9 0,0,100001,-1,-1,18,10.085819663217757
2024-09-02T15:29:21.809756,2024-09-02T15:30:32.724159,70.914403,22,8 3 11 10 11 8 6 3 7 9 4 0 2 11 6 5 4 2 3 5 1 1,0,100001,-1,-1,17,9.871943034786852
2024-09-02T15:30:35.772776,2024-09-02T15:31:47.776751,72.003975,22,6 1 5 5 9 4 0 11 7 8 1 6 1 8 4 9 5 9 11 1 0 10,0,100001,-1,-1,18,9.977025616252584
2024-09-02T15:31:50.274260,2024-09-02T15:33:14.878028,84.603768,22,3 4 1 3 1 6 4 7 10 5 2 5 5 3 10 11 10 10 1 9 10 2,0,100001,-1,-1,18,12.076478080271992
2024-09-02T15:33:23.786165,2024-09-02T15:35:07.893667,104.107502,22,8 11 3 2 7 6 4 11 8 3 10 5 0 3 0 5 6 4 1 3 11 3,0,100001,-1,-1,20,11.142959227735762
2024-09-02T15:35:10.847673,2024-09-02T15:36:31.116843,80.26917,23,10 1 0 11 4 3 3 2 11 1 10 11 8 1 9 6 1 3 3 8 9 0 8,0,100001,-1,-1,19,10.898649566026299
2024-09-02T15:36:34.893051,2024-09-02T15:38:01.368075,86.475024,23,3 11 10 11 8 6 3 7 9 4 0 2 11 6 5 4 2 3 5 1 1 6 1,0,100001,-1,-1,20,11.019668410066041
2024-09-02T15:38:03.866933,2024-09-02T15:39:28.671228,84.804295,23,5 5 9 4 0 11 7 8 1 6 1 8 4 9 5 9 11 1 0 10 3 4 1,0,100001,-1,-1,19,10.485267647017704
2024-09-02T15:39:30.884799,2024-09-02T15:40:43.992553,73.107754,23,3 1 6 4 7 10 5 2 5 5 3 10 11 10 10 1 9 10 2 11 3 2 7,0,100001,-1,-1,18,9.640331877173022
2024-09-02T15:40:45.904000,2024-09-02T15:42:07.128479,81.224479,23,6 4 11 8 3 10 5 0 3 0 5 6 4 1 3 11 3 10 7 6 10 7 2,0,100001,-1,-1,19,11.197060558835616
2024-09-02T15:42:12.525944,2024-09-02T15:43:36.346356,83.820412,24,10 1 0 11 4 3 3 2 11 1 10 11 8 1 9 6 1 3 3 8 9 0 8 3,0,100001,-1,-1,19,10.802340312317646
2024-09-02T15:43:39.182023,2024-09-02T15:44:53.508440,74.326417,24,11 10 11 8 6 3 7 9 4 0 2 11 6 5 4 2 3 5 1 1 6 1 5 5,0,100001,-1,-1,19,10.123798192290051
2024-09-02T15:44:56.253488,2024-09-02T15:46:14.933596,78.680108,24,9 4 0 11 7 8 1 6 1 8 4 9 5 9 11 1 0 10 3 4 1 3 1 6,0,100001,-1,-1,20,9.925136544187627
2024-09-02T15:46:17.258409,2024-09-02T15:47:36.974327,79.715918,24,4 7 10 5 2 5 5 3 10 11 10 10 1 9 10 2 11 3 2 7 6 4 11 8,0,100001,-1,-1,20,10.912075104702181
2024-09-02T15:47:39.910702,2024-09-02T15:49:00.393784,80.483082,24,3 10 5 0 3 0 5 6 4 1 3 11 3 10 7 6 10 7 2 4 2 3 11 8,0,100001,-1,-1,18,10.607616757560256
2024-09-02T15:49:03.270572,2024-09-02T15:50:32.432573,89.162001,25,10 1 0 11 4 3 3 2 11 1 10 11 8 1 9 6 1 3 3 8 9 0 8 3 11,0,100001,-1,-1,21,12.830489125493568
2024-09-02T15:50:37.633940,2024-09-02T15:51:49.295245,71.661305,25,10 11 8 6 3 7 9 4 0 2 11 6 5 4 2 3 5 1 1 6 1 5 5 9 4,0,100001,-1,-1,17,10.252158573555006
2024-09-02T15:51:51.951906,2024-09-02T15:53:14.175738,82.223832,25,0 11 7 8 1 6 1 8 4 9 5 9 11 1 0 10 3 4 1 3 1 6 4 7 10,0,100001,-1,-1,19,11.070587235611375
2024-09-02T15:53:17.749287,2024-09-02T15:54:32.361993,74.612706,25,5 2 5 5 3 10 11 10 10 1 9 10 2 11 3 2 7 6 4 11 8 3 10 5 0,0,100001,-1,-1,19,10.170513051010902
2024-09-02T15:54:35.012302,2024-09-02T15:56:21.535562,106.52326,25,3 0 5 6 4 1 3 11 3 10 7 6 10 7 2 4 2 3 11 8 8 4 11 9 6,0,100001,-1,-1,22,11.929877940016462
2024-09-02T15:56:25.068999,2024-09-02T15:58:05.419040,100.350041,26,10 1 0 11 4 3 3 2 11 1 10 11 8 1 9 6 1 3 3 8 9 0 8 3 11 10,0,100001,-1,-1,21,12.54833755161766
2024-09-02T15:58:09.811064,2024-09-02T15:59:29.174514,79.36345,26,11 8 6 3 7 9 4 0 2 11 6 5 4 2 3 5 1 1 6 1 5 5 9 4 0 11,0,100001,-1,-1,20,10.331588598275902
2024-09-02T15:59:31.957713,2024-09-02T16:00:57.723968,85.766255,26,7 8 1 6 1 8 4 9 5 9 11 1 0 10 3 4 1 3 1 6 4 7 10 5 2 5,0,100001,-1,-1,20,11.828640287191055
2024-09-02T16:01:01.153784,2024-09-02T16:02:26.409754,85.25597,26,5 3 10 11 10 10 1 9 10 2 11 3 2 7 6 4 11 8 3 10 5 0 3 0 5 6,0,100001,-1,-1,20,11.31941083191397
2024-09-02T16:02:29.481156,2024-09-02T16:03:52.792900,83.311744,26,4 1 3 11 3 10 7 6 10 7 2 4 2 3 11 8 8 4 11 9 6 9 6 5 3 2,0,100001,-1,-1,19,10.708791347728958
2024-09-02T16:03:55.541011,2024-09-02T16:05:22.250023,86.709012,27,10 1 0 11 4 3 3 2 11 1 10 11 8 1 9 6 1 3 3 8 9 0 8 3 11 10 11,0,100001,-1,-1,21,11.98845212810557
2024-09-02T16:05:25.659230,2024-09-02T16:06:49.522058,83.862828,27,8 6 3 7 9 4 0 2 11 6 5 4 2 3 5 1 1 6 1 5 5 9 4 0 11 7 8,0,100001,-1,-1,19,11.147819384883428
2024-09-02T16:06:54.127198,2024-09-02T16:08:30.495541,96.368343,27,1 6 1 8 4 9 5 9 11 1 0 10 3 4 1 3 1 6 4 7 10 5 2 5 5 3 10,0,100001,-1,-1,21,11.273820401117955
2024-09-02T16:08:32.913480,2024-09-02T16:09:51.396129,78.482649,27,4 11 10 10 1 9 10 2 11 3 2 7 6 4 11 8 3 10 5 0 3 0 5 6 4 1 3,0,100001,-1,-1,19,11.329776811771534
2024-09-02T16:09:55.724589,2024-09-02T16:11:15.645566,79.920977,27,9 11 3 10 7 6 10 7 2 4 2 3 11 8 8 4 11 9 6 9 6 5 3 2 7 0 1,0,100001,-1,-1,19,11.052029619775933
2024-09-02T16:11:19.393537,2024-09-02T16:12:38.920805,79.527268,28,10 1 0 11 4 3 3 2 11 1 10 11 8 1 9 6 1 3 3 8 9 0 8 3 11 10 11 8,0,100001,-1,-1,19,11.648354190395374
2024-09-02T16:12:43.286459,2024-09-02T16:13:57.268324,73.981865,28,6 3 7 9 4 0 2 11 6 5 4 2 3 5 1 1 6 1 5 5 9 4 0 11 7 8 1 6,0,100001,-1,-1,18,10.354621097401367
2024-09-02T16:14:00.205136,2024-09-02T16:15:19.303578,79.098442,28,1 8 4 9 5 9 11 1 0 10 3 4 1 3 1 6 4 7 10 5 2 5 5 3 10 11 10 10,0,100001,-1,-1,20,10.9990530881674
2024-09-02T16:15:21.933559,2024-09-02T16:16:34.828370,72.894811,28,1 9 10 2 11 3 2 7 6 4 11 8 3 10 5 0 3 0 5 6 4 1 3 11 3 10 7 6,0,100001,-1,-1,18,10.290581720601278
2024-09-02T16:16:37.935170,2024-09-02T16:17:49.121621,71.186451,28,10 7 2 4 2 3 11 8 8 4 11 9 6 9 6 5 3 2 7 0 1 2 10 2 10 6 9 1,0,100001,-1,-1,18,9.766252935411165
2024-09-02T16:17:51.811020,2024-09-02T16:19:15.138144,83.327124,29,10 1 0 11 4 3 3 2 11 1 10 11 8 1 9 6 1 3 3 8 9 0 8 3 11 10 11 8 6,0,100001,-1,-1,20,11.440393582968083
2024-09-02T16:19:18.289169,2024-09-02T16:20:38.581751,80.292582,29,3 7 9 4 0 2 11 6 5 4 2 3 5 1 1 6 1 5 5 9 4 0 11 7 8 1 6 1 8,0,100001,-1,-1,22,11.348804433507071
2024-09-02T16:20:44.240905,2024-09-02T16:22:17.713759,93.472854,29,4 9 5 9 11 1 0 10 3 4 1 3 1 6 4 7 10 5 2 5 5 3 10 11 10 10 1 9 10,0,100001,-1,-1,20,12.157636842611945
2024-09-02T16:22:23.443156,2024-09-02T16:23:42.840640,79.397484,29,2 11 3 2 7 6 4 11 8 3 10 5 0 3 0 5 6 4 1 3 11 3 10 7 6 10 7 2 4,0,100001,-1,-1,19,10.59488325293332
2024-09-02T16:23:47.208127,2024-09-02T16:25:08.777280,81.569153,29,2 3 11 8 8 4 11 9 6 9 6 5 3 2 7 0 1 2 10 2 10 6 9 1 6 6 9 7 8,0,100001,-1,-1,19,10.929759903385955
2024-09-02T16:25:11.504258,2024-09-02T16:26:29.859908,78.35565,30,10 1 0 11 4 3 3 2 11 1 10 11 8 1 9 6 1 3 3 8 9 0 8 3 11 10 11 8 6 3,0,100001,-1,-1,19,10.977189260351123
2024-09-02T16:26:33.288660,2024-09-02T16:27:57.529798,84.241138,30,7 9 4 0 2 11 6 5 4 2 3 5 1 1 6 1 5 5 9 4 0 11 7 8 1 6 1 8 4 9,0,100001,-1,-1,18,10.720853005063548
2024-09-02T16:28:01.115576,2024-09-02T16:29:22.243638,81.128062,30,5 9 11 1 0 10 3 4 1 3 1 6 4 7 10 5 2 5 5 3 10 11 10 10 1 9 10 2 11 3,0,100001,-1,-1,21,11.122334713378539
2024-09-02T16:29:24.957964,2024-09-02T16:30:55.141407,90.183443,30,2 7 6 4 11 8 3 10 5 0 3 0 5 6 4 1 3 11 3 10 7 6 10 7 2 4 2 3 11 8,0,100001,-1,-1,22,12.013055980427739
2024-09-02T16:31:00.530207,2024-09-02T16:32:29.190681,88.660474,30,8 4 11 9 6 9 6 5 3 2 7 0 1 2 10 2 10 6 9 1 6 6 9 7 8 4 8 0 10 11,0,100001,-1,-1,24,10.987356541721896
2024-09-02T16:32:32.480030,2024-09-02T16:33:48.588030,76.108,31,10 1 0 11 4 3 3 2 11 1 10 11 8 1 9 6 1 3 3 8 9 0 8 3 11 10 11 8 6 3 7,0,100001,-1,-1,18,9.945073908077639
2024-09-02T16:33:50.657902,2024-09-02T16:35:08.642895,77.984993,31,9 4 0 2 11 6 5 4 2 3 5 1 1 6 1 5 5 9 4 0 11 7 8 1 6 1 8 4 9 5 9,0,100001,-1,-1,20,10.146458510972987
2024-09-02T16:35:11.332071,2024-09-02T16:36:28.485925,77.153854,31,3 11 1 0 10 3 4 1 3 1 6 4 7 10 5 2 5 5 3 10 11 10 10 1 9 10 2 11 3 2 7,0,100001,-1,-1,19,10.499988688341176
2024-09-02T16:36:32.570580,2024-09-02T16:37:45.967457,73.396877,31,6 4 11 8 3 10 5 0 3 0 5 6 4 1 3 11 3 10 7 6 10 7 2 4 2 3 11 8 8 4 11,0,100001,-1,-1,17,10.206038004895632
2024-09-02T16:37:49.058297,2024-09-02T16:39:16.510048,87.451751,31,9 6 9 6 5 3 2 7 0 1 2 10 2 10 6 9 1 6 6 9 7 8 4 8 0 10 11 1 10 8 4,0,100001,-1,-1,19,11.29721941108887
2024-09-02T16:39:20.591413,2024-09-02T16:40:33.579923,72.98851,32,10 1 0 11 4 3 3 2 11 1 10 11 8 1 9 6 1 3 3 8 9 0 8 3 11 10 11 8 6 3 7 9,0,100001,-1,-1,18,9.89986074374893
2024-09-02T16:40:35.776870,2024-09-02T16:41:52.537680,76.76081,32,4 0 2 11 6 5 4 2 3 5 1 1 6 1 5 5 9 4 0 11 7 8 1 6 1 8 4 9 5 9 11 1,0,100001,-1,-1,19,10.89115884762091
2024-09-02T16:41:56.750979,2024-09-02T16:43:16.812197,80.061218,32,0 10 3 4 1 3 1 6 4 7 10 5 2 5 5 3 10 11 10 10 1 9 10 2 11 3 2 7 6 4 11 8,0,100001,-1,-1,19,11.079758188375573
2024-09-02T16:43:19.738491,2024-09-02T16:44:39.217178,79.478687,32,3 10 5 0 3 0 5 6 4 1 3 11 3 10 7 6 10 7 2 4 2 3 11 8 8 4 11 9 6 9 6 5,0,100001,-1,-1,18,11.052969592019867
2024-09-02T16:44:44.054583,2024-09-02T16:46:05.842296,81.787713,32,3 2 7 0 1 2 10 2 10 6 9 1 6 6 9 7 8 4 8 0 10 11 1 10 8 4 5 1 4 6 2 7,0,100001,-1,-1,19,10.42043590565433
2024-09-02T16:46:08.574292,2024-09-02T16:47:28.042727,79.468435,33,10 1 0 11 4 3 3 2 11 1 10 11 8 1 9 6 1 3 3 8 9 0 8 3 11 10 11 8 6 3 7 9 4,0,100001,-1,-1,18,9.998699014205851
2024-09-02T16:47:31.089901,2024-09-02T16:48:47.491206,76.401305,33,0 2 11 6 5 4 2 3 5 1 1 6 1 5 5 9 4 0 11 7 8 1 6 1 8 4 9 5 9 11 1 0 10,0,100001,-1,-1,20,10.882490247241329
2024-09-02T16:48:51.400966,2024-09-02T16:50:10.834450,79.433484,33,3 4 1 3 1 6 4 7 10 5 2 5 5 3 10 11 10 10 1 9 10 2 11 3 2 7 6 4 11 8 3 10 5,0,100001,-1,-1,19,10.392547008413556
2024-09-02T16:50:13.495442,2024-09-02T16:51:31.462728,77.967286,33,0 3 0 5 6 4 1 3 11 3 10 7 6 10 7 2 4 2 3 11 8 8 4 11 9 6 9 6 5 3 2 7 0,0,100001,-1,-1,19,10.434841608078559
2024-09-02T16:51:34.594909,2024-09-02T16:52:46.749670,72.154761,33,1 2 10 2 10 6 9 1 6 6 9 7 8 4 8 0 10 11 1 10 8 4 5 1 4 6 2 7 0 11 11 4 8,0,100001,-1,-1,17,9.87608734055181
2024-09-02T16:52:49.615244,2024-09-02T16:54:11.115536,81.500292,34,10 1 0 11 4 3 3 2 11 1 10 11 8 1 9 6 1 3 3 8 9 0 8 3 11 10 11 8 6 3 7 9 4 0,0,100001,-1,-1,20,10.09041307776295
2024-09-02T16:54:13.899529,2024-09-02T16:55:30.785838,76.886309,34,2 11 6 5 4 2 3 5 1 1 6 1 5 5 9 4 0 11 7 8 1 6 1 8 4 9 5 9 11 1 0 10 3 4,0,100001,-1,-1,19,9.99098154924185
2024-09-02T16:55:32.993978,2024-09-02T16:57:31.915483,118.921505,34,1 3 1 6 4 7 10 5 2 5 5 3 10 11 10 10 1 9 10 2 11 3 2 7 6 4 11 8 3 10 5 0 3 0,0,100001,-1,-1,21,12.20601231597178
2024-09-02T16:57:35.799896,2024-09-02T16:59:11.148280,95.348384,34,5 6 4 1 3 11 3 10 7 6 10 7 2 4 2 3 11 8 8 4 11 9 6 9 6 5 3 2 7 0 1 2 10 2,0,100001,-1,-1,21,11.111236229295406
2024-09-02T16:59:13.877918,2024-09-02T17:00:35.685557,81.807639,34,10 6 9 1 6 6 9 7 8 4 8 0 10 11 1 10 8 4 5 1 4 6 2 7 0 11 11 4 8 8 1 10 10 8,0,100001,-1,-1,19,10.245723449647596
2024-09-02T17:00:38.666569,2024-09-02T17:01:53.166997,74.500428,35,10 1 0 11 4 3 3 2 11 1 10 11 8 1 9 6 1 3 3 8 9 0 8 3 11 10 11 8 6 3 7 9 4 0 2,0,100001,-1,-1,18,9.855937721616916
2024-09-02T17:01:55.964009,2024-09-02T17:03:11.301426,75.337417,35,11 6 5 4 2 3 5 1 1 6 1 5 5 9 4 0 11 7 8 1 6 1 8 4 9 5 9 11 1 0 10 3 4 1 3,0,100001,-1,-1,18,10.309157216689504
2024-09-02T17:03:13.937327,2024-09-02T17:04:35.522565,81.585238,35,1 6 4 7 10 5 2 5 5 3 10 11 10 10 1 9 10 2 11 3 2 7 6 4 11 8 3 10 5 0 3 0 5 6 4,0,100001,-1,-1,19,10.627323058808688
2024-09-02T17:04:39.330512,2024-09-02T17:06:04.681110,85.350598,35,1 3 11 3 10 7 6 10 7 2 4 2 3 11 8 8 4 11 9 6 9 6 5 3 2 7 0 1 2 10 2 10 6 9 1,0,100001,-1,-1,20,11.189224525202919
2024-09-02T17:06:09.232190,2024-09-02T17:07:30.090747,80.858557,35,6 6 9 7 8 4 8 0 10 11 1 10 8 4 5 1 4 6 2 7 0 11 11 4 8 8 1 10 10 8 9 2 5 2 0,0,100001,-1,-1,21,10.588715958423299
2024-09-02T17:07:32.600659,2024-09-02T17:08:50.182112,77.581453,36,10 1 0 11 4 3 3 2 11 1 10 11 8 1 9 6 1 3 3 8 9 0 8 3 11 10 11 8 6 3 7 9 4 0 2 11,0,100001,-1,-1,17,10.298640265807876
2024-09-02T17:08:53.297565,2024-09-02T17:10:21.407232,88.109667,36,6 5 4 2 3 5 1 1 6 1 5 5 9 4 0 11 7 8 1 6 1 8 4 9 5 9 11 1 0 10 3 4 1 3 1 6,0,100001,-1,-1,19,10.474444323262643
2024-09-02T17:10:24.150921,2024-09-02T17:11:36.761535,72.610614,36,4 7 10 5 2 5 5 3 10 11 10 10 1 9 10 2 11 3 2 7 6 4 11 8 3 10 5 0 3 0 5 6 4 1 3 11,0,100001,-1,-1,18,9.779203145374172
2024-09-02T17:11:39.394892,2024-09-02T17:13:00.870627,81.475735,36,5 3 10 7 6 10 7 2 4 2 3 11 8 8 4 11 9 6 9 6 5 3 2 7 0 1 2 10 2 10 6 9 1 6 6 9,0,100001,-1,-1,18,11.071645643091424
2024-09-02T17:13:04.919842,2024-09-02T17:14:22.302042,77.3822,36,7 8 4 8 0 10 11 1 10 8 4 5 1 4 6 2 7 0 11 11 4 8 8 1 10 10 8 9 2 5 2 0 9 5 7 0,0,100001,-1,-1,18,11.220456422235074
2024-09-02T17:14:28.209573,2024-09-02T17:15:50.433998,82.224425,37,10 1 0 11 4 3 3 2 11 1 10 11 8 1 9 6 1 3 3 8 9 0 8 3 11 10 11 8 6 3 7 9 4 0 2 11 6,0,100001,-1,-1,22,10.83246770154612
2024-09-02T17:15:52.862950,2024-09-02T17:17:16.500824,83.637874,37,5 4 2 3 5 1 1 6 1 5 5 9 4 0 11 7 8 1 6 1 8 4 9 5 9 11 1 0 10 3 4 1 3 1 6 4 7,0,100001,-1,-1,20,11.102267254393096
2024-09-02T17:17:18.771469,2024-09-02T17:18:35.431798,76.660329,37,10 5 2 5 5 3 10 11 10 10 1 9 10 2 11 3 2 7 6 4 11 8 3 10 5 0 3 0 5 6 4 1 3 11 3 10 7,0,100001,-1,-1,18,10.546120370118697
2024-09-02T17:18:38.734568,2024-09-02T17:20:07.649730,88.915162,37,6 10 7 2 4 2 3 11 8 8 4 11 9 6 9 6 5 3 2 7 0 1 2 10 2 10 6 9 1 6 6 9 7 8 4 8 0,0,100001,-1,-1,20,13.1106027467407
2024-09-02T17:20:18.952874,2024-09-02T17:21:31.985771,73.032897,37,10 11 1 10 8 4 5 1 4 6 2 7 0 11 11 4 8 8 1 10 10 8 9 2 5 2 0 9 5 7 0 1 5 4 3 0 3,0,100001,-1,-1,18,10.354970367110553
2024-09-02T17:21:34.913110,2024-09-02T17:22:47.703991,72.790881,38,10 1 0 11 4 3 3 2 11 1 10 11 8 1 9 6 1 3 3 8 9 0 8 3 11 10 11 8 6 3 7 9 4 0 2 11 6 5,0,100001,-1,-1,19,9.380505354773629
2024-09-02T17:22:49.899604,2024-09-02T17:24:07.489877,77.590273,38,4 2 3 5 1 1 6 1 5 5 9 4 0 11 7 8 1 6 1 8 4 9 5 9 11 1 0 10 3 4 1 3 1 6 4 7 10 5,0,100001,-1,-1,17,9.91484199005684
2024-09-02T17:24:09.760011,2024-09-02T17:25:20.516120,70.756109,38,2 5 5 3 10 11 10 10 1 9 10 2 11 3 2 7 6 4 11 8 3 10 5 0 3 0 5 6 4 1 3 11 3 10 7 6 10 7,0,100001,-1,-1,17,9.524546682927108
2024-09-02T17:25:22.862648,2024-09-02T17:26:41.218774,78.356126,38,2 4 2 3 11 8 8 4 11 9 6 9 6 5 3 2 7 0 1 2 10 2 10 6 9 1 6 6 9 7 8 4 8 0 10 11 1 10,0,100001,-1,-1,18,10.248017119307153
2024-09-02T17:26:44.343683,2024-09-02T17:28:16.666124,92.322441,38,8 4 5 1 4 6 2 7 0 11 11 4 8 8 1 10 10 8 9 2 5 2 0 9 5 7 0 1 5 4 3 0 3 1 1 11 7 8,0,100001,-1,-1,20,11.455606860458984
2024-09-02T17:28:20.122239,2024-09-02T17:29:41.023502,80.901263,39,10 1 0 11 4 3 3 2 11 1 10 11 8 1 9 6 1 3 3 8 9 0 8 3 11 10 11 8 6 3 7 9 4 0 2 11 6 5 4,0,100001,-1,-1,19,10.249237756340252
2024-09-02T17:29:43.304780,2024-09-02T17:31:09.103729,85.798949,39,2 3 5 1 1 6 1 5 5 9 4 0 11 7 8 1 6 1 8 4 9 5 9 11 1 0 10 3 4 1 3 1 6 4 7 10 5 2 5,0,100001,-1,-1,21,12.258298648503848
2024-09-02T17:31:14.204698,2024-09-02T17:32:34.570652,80.365954,39,5 3 10 11 10 10 1 9 10 2 11 3 2 7 6 4 11 8 3 10 5 0 3 0 5 6 4 1 3 11 3 10 7 6 10 7 2 4 2,0,100001,-1,-1,19,10.852309390897258
2024-09-02T17:32:38.409114,2024-09-02T17:34:02.566130,84.157016,39,3 11 8 8 4 11 9 6 9 6 5 3 2 7 0 1 2 10 2 10 6 9 1 6 6 9 7 8 4 8 0 10 11 1 10 8 4 5 1,0,100001,-1,-1,20,11.578243190406655
2024-09-02T17:34:07.341433,2024-09-02T17:35:19.798234,72.456801,39,4 6 2 7 0 11 11 4 8 8 1 10 10 8 9 2 5 2 0 9 5 7 0 1 5 4 3 0 3 1 1 11 7 8 10 7 8 4 8,0,100001,-1,-1,17,10.200844685751058
2024-09-02T17:35:22.430070,2024-09-02T17:36:39.193481,76.763411,40,10 1 0 11 4 3 3 2 11 1 10 11 8 1 9 6 1 3 3 8 9 0 8 3 11 10 11 8 6 3 7 9 4 0 2 11 6 5 4 2,0,100001,-1,-1,19,10.217186827360951
2024-09-02T17:36:41.733956,2024-09-02T17:37:59.091767,77.357811,40,3 5 1 1 6 1 5 5 9 4 0 11 7 8 1 6 1 8 4 9 5 9 11 1 0 10 3 4 1 3 1 6 4 7 10 5 2 5 5 3,0,100001,-1,-1,20,10.829351425860619
2024-09-02T17:38:01.734531,2024-09-02T17:39:25.281581,83.54705,40,10 11 10 10 1 9 10 2 11 3 2 7 6 4 11 8 3 10 5 0 3 0 5 6 4 1 3 11 3 10 7 6 10 7 2 4 2 3 11 8,0,100001,-1,-1,18,9.604310656143452
2024-09-02T17:39:27.859660,2024-09-02T17:40:49.562784,81.703124,40,8 4 11 9 6 9 6 5 3 2 7 0 1 2 10 2 10 6 9 1 6 6 9 7 8 4 8 0 10 11 1 10 8 4 5 1 4 6 2 7,0,100001,-1,-1,20,10.579832695900604
2024-09-02T17:40:53.064970,2024-09-02T17:42:13.177629,80.112659,40,0 11 11 4 8 8 1 10 10 8 9 2 5 2 0 9 5 7 0 1 5 4 3 0 3 1 1 11 7 8 10 7 8 4 8 9 6 3 8 11,0,100001,-1,-1,19,9.980685308621272
2024-09-02T17:42:15.505568,2024-09-02T17:43:33.240848,77.73528,41,10 1 0 11 4 3 3 2 11 1 10 11 8 1 9 6 1 3 3 8 9 0 8 3 11 10 11 8 6 3 7 9 4 0 2 11 6 5 4 2 3,0,100001,-1,-1,21,10.080428771931327
2024-09-02T17:43:36.027583,2024-09-02T17:45:00.099980,84.072397,41,5 1 1 6 1 5 5 9 4 0 11 7 8 1 6 1 8 4 9 5 9 11 1 0 10 3 4 1 3 1 6 4 7 10 5 2 5 5 3 10 11,0,100001,-1,-1,20,11.988773168344238
2024-09-02T17:45:05.475492,2024-09-02T17:46:33.292000,87.816508,41,10 10 1 9 10 2 11 3 2 7 6 4 11 8 3 10 5 0 3 0 5 6 4 1 3 11 3 10 7 6 10 7 2 4 2 3 11 8 8 4 11,0,100001,-1,-1,18,9.953802132703323
2024-09-02T17:46:35.515191,2024-09-02T17:48:00.140445,84.625254,41,9 6 9 6 5 3 2 7 0 1 2 10 2 10 6 9 1 6 6 9 7 8 4 8 0 10 11 1 10 8 4 5 1 4 6 2 7 0 11 11 4,0,100001,-1,-1,20,11.89224575852149
2024-09-02T17:48:04.078832,2024-09-02T17:49:30.771448,86.692616,41,8 8 1 10 10 8 9 2 5 2 0 9 5 7 0 1 5 4 3 0 3 1 1 11 7 8 10 7 8 4 8 9 6 3 8 11 11 3 11 4 6,0,100001,-1,-1,20,11.486610328682024
2024-09-02T17:49:35.139118,2024-09-02T17:50:50.881233,75.742115,42,10 1 0 11 4 3 3 2 11 1 10 11 8 1 9 6 1 3 3 8 9 0 8 3 11 10 11 8 6 3 7 9 4 0 2 11 6 5 4 2 3 5,0,100001,-1,-1,18,10.197533820262048
2024-09-02T17:50:53.832874,2024-09-02T17:52:12.067959,78.235085,42,1 1 6 1 5 5 9 4 0 11 7 8 1 6 1 8 4 9 5 9 11 1 0 10 3 4 1 3 1 6 4 7 10 5 2 5 5 3 10 11 10 10,0,100001,-1,-1,18,10.210699852318674
2024-09-02T17:52:15.654755,2024-09-02T17:53:32.702209,77.047454,42,1 9 10 2 11 3 2 7 6 4 11 8 3 10 5 0 3 0 5 6 4 1 3 11 3 10 7 6 10 7 2 4 2 3 11 8 8 4 11 9 6 9,0,100001,-1,-1,17,9.393389207263818
2024-09-02T17:53:34.812342,2024-09-02T17:54:52.410239,77.597897,42,6 5 3 2 7 0 1 2 10 2 10 6 9 1 6 6 9 7 8 4 8 0 10 11 1 10 8 4 5 1 4 6 2 7 0 11 11 4 8 8 1 10,0,100001,-1,-1,18,10.41866457272765
2024-09-02T17:54:56.437895,2024-09-02T17:56:52.866234,116.428339,42,4 8 9 2 5 2 0 9 5 7 0 1 5 4 3 0 3 1 1 11 7 8 10 7 8 4 8 9 6 3 8 11 11 3 11 4 6 10 10 5 7 8,0,100001,-1,-1,17,10.328359489857016
2024-09-02T17:56:54.669889,2024-09-02T17:58:06.205977,71.536088,43,10 1 0 11 4 3 3 2 11 1 10 11 8 1 9 6 1 3 3 8 9 0 8 3 11 10 11 8 6 3 7 9 4 0 2 11 6 5 4 2 3 5 1,0,100001,-1,-1,17,9.83480574291468
2024-09-02T17:58:08.874748,2024-09-02T17:59:28.105827,79.231079,43,1 6 1 5 5 9 4 0 11 7 8 1 6 1 8 4 9 5 9 11 1 0 10 3 4 1 3 1 6 4 7 10 5 2 5 5 3 10 11 10 10 1 9,0,100001,-1,-1,19,10.44933358398064
2024-09-02T17:59:31.940974,2024-09-02T18:00:50.692446,78.751472,43,10 2 11 3 2 7 6 4 11 8 3 10 5 0 3 0 5 6 4 1 3 11 3 10 7 6 10 7 2 4 2 3 11 8 8 4 11 9 6 9 6 5 3,0,100001,-1,-1,19,9.787479905759582
2024-09-02T18:00:52.738650,2024-09-02T18:02:39.490209,106.751559,43,2 7 0 1 2 10 2 10 6 9 1 6 6 9 7 8 4 8 0 10 11 1 10 8 4 5 1 4 6 2 7 0 11 11 4 8 8 1 10 10 8 9 2,0,100001,-1,-1,20,11.626440410943411
2024-09-02T18:02:44.177477,2024-09-02T18:03:58.086805,73.909328,43,5 2 0 9 5 7 0 1 5 4 3 0 3 1 1 11 7 8 10 7 8 4 8 9 6 3 8 11 11 3 11 4 6 10 10 5 7 8 7 3 3 1 5,0,100001,-1,-1,17,9.318494374340373
2024-09-02T18:04:00.702799,2024-09-02T18:05:20.441768,79.738969,44,10 1 0 11 4 3 3 2 11 1 10 11 8 1 9 6 1 3 3 8 9 0 8 3 11 10 11 8 6 3 7 9 4 0 2 11 6 5 4 2 3 5 1 1,0,100001,-1,-1,18,10.61440533384955
2024-09-02T18:05:22.852102,2024-09-02T18:06:42.765214,79.913112,44,6 1 5 5 9 4 0 11 7 8 1 6 1 8 4 9 5 9 11 1 0 10 3 4 1 3 1 6 4 7 10 5 2 5 5 3 10 11 10 10 1 9 10 2,0,100001,-1,-1,19,11.455286668761227
2024-09-02T18:06:49.838096,2024-09-02T18:08:05.859074,76.020978,44,8 11 3 2 7 6 4 11 8 3 10 5 0 3 0 5 6 4 1 3 11 3 10 7 6 10 7 2 4 2 3 11 8 8 4 11 9 6 9 6 5 3 2 7,0,100001,-1,-1,18,10.10371357081375
2024-09-02T18:08:09.782601,2024-09-02T18:09:43.758566,93.975965,44,1 0 1 2 10 2 10 6 9 1 6 6 9 7 8 4 8 0 10 11 1 10 8 4 5 1 4 6 2 7 0 11 11 4 8 8 1 10 10 8 9 2 5 2,0,100001,-1,-1,18,11.162136225066318
2024-09-02T18:09:48.065077,2024-09-02T18:11:04.822666,76.757589,44,8 8 0 9 5 7 0 1 5 4 3 0 3 1 1 11 7 8 10 7 8 4 8 9 6 3 8 11 11 3 11 4 6 10 10 5 7 8 7 3 3 1 5 0,0,100001,-1,-1,18,10.119168329417736
2024-09-02T18:11:08.021194,2024-09-02T18:12:31.033923,83.012729,45,10 1 0 11 4 3 3 2 11 1 10 11 8 1 9 6 1 3 3 8 9 0 8 3 11 10 11 8 6 3 7 9 4 0 2 11 6 5 4 2 3 5 1 1 6,0,100001,-1,-1,19,11.230745501032013
2024-09-02T18:12:34.624573,2024-09-02T18:13:50.990108,76.365535,45,1 5 5 9 4 0 11 7 8 1 6 1 8 4 9 5 9 11 1 0 10 3 4 1 3 1 6 4 7 10 5 2 5 5 3 10 11 10 10 1 9 10 2 11 3,0,100001,-1,-1,17,10.24538493073448
2024-09-02T18:13:54.876760,2024-09-02T18:15:14.268885,79.392125,45,2 7 6 4 11 8 3 10 5 0 3 0 5 6 4 1 3 11 3 10 7 6 10 7 2 4 2 3 11 8 8 4 11 9 6 9 6 5 3 2 7 0 1 2 10,0,100001,-1,-1,21,10.767994251736614
2024-09-02T18:15:17.339568,2024-09-02T18:16:51.493104,94.153536,45,2 10 6 9 1 6 6 9 7 8 4 8 0 10 11 1 10 8 4 5 1 4 6 2 7 0 11 11 4 8 8 1 10 10 8 9 2 5 2 0 9 5 7 0 1,0,100001,-1,-1,21,12.605627915806329
2024-09-02T18:16:55.273523,2024-09-02T18:18:12.515202,77.241679,45,5 4 3 0 3 1 1 11 7 8 10 7 8 4 8 9 6 3 8 11 11 3 11 4 6 10 10 5 7 8 7 3 3 1 5 0 9 8 3 3 0 1 11 10 0,0,100001,-1,-1,18,10.554408959520254
2024-09-02T18:18:15.965985,2024-09-02T18:19:47.634931,91.668946,46,10 1 0 11 4 3 3 2 11 1 10 11 8 1 9 6 1 3 3 8 9 0 8 3 11 10 11 8 6 3 7 9 4 0 2 11 6 5 4 2 3 5 1 1 6 1,0,100001,-1,-1,20,11.64350579240474
2024-09-02T18:19:50.624860,2024-09-02T18:21:11.650545,81.025685,46,5 5 9 4 0 11 7 8 1 6 1 8 4 9 5 9 11 1 0 10 3 4 1 3 1 6 4 7 10 5 2 5 5 3 10 11 10 10 1 9 10 2 11 3 2 7,0,100001,-1,-1,18,10.273418358668016
2024-09-02T18:21:15.220549,2024-09-02T18:22:35.531487,80.310938,46,6 4 11 8 3 10 5 0 3 0 5 6 4 1 3 11 3 10 7 6 10 7 2 4 2 3 11 8 8 4 11 9 6 9 6 5 3 2 7 0 1 2 10 2 10 6,0,100001,-1,-1,19,10.301597608637499
2024-09-02T18:22:38.150187,2024-09-02T18:24:04.092911,85.942724,46,9 1 6 6 9 7 8 4 8 0 10 11 1 10 8 4 5 1 4 6 2 7 0 11 11 4 8 8 1 10 10 8 9 2 5 2 0 9 5 7 0 1 5 4 3 0,0,100001,-1,-1,19,11.24652086452031
2024-09-02T18:24:07.342536,2024-09-02T18:25:30.960531,83.617995,46,3 1 1 11 7 8 10 7 8 4 8 9 6 3 8 11 11 3 11 4 6 10 10 5 7 8 7 3 3 1 5 0 9 8 3 3 0 1 11 10 0 3 1 0 5 1,0,100001,-1,-1,19,11.160352425948632
2024-09-02T18:25:33.931530,2024-09-02T18:26:51.075275,77.143745,47,10 1 0 11 4 3 3 2 11 1 10 11 8 1 9 6 1 3 3 8 9 0 8 3 11 10 11 8 6 3 7 9 4 0 2 11 6 5 4 2 3 5 1 1 6 1 5,0,100001,-1,-1,17,10.37829459232344
2024-09-02T18:26:53.397331,2024-09-02T18:28:28.232529,94.835198,47,5 9 4 0 11 7 8 1 6 1 8 4 9 5 9 11 1 0 10 3 4 1 3 1 6 4 7 10 5 2 5 5 3 10 11 10 10 1 9 10 2 11 3 2 7 6 4,0,100001,-1,-1,20,12.029923416955521
2024-09-02T18:28:34.840814,2024-09-02T18:29:58.993273,84.152459,47,10 11 8 3 10 5 0 3 0 5 6 4 1 3 11 3 10 7 6 10 7 2 4 2 3 11 8 8 4 11 9 6 9 6 5 3 2 7 0 1 2 10 2 10 6 9 1,0,100001,-1,-1,20,11.115751340013054
2024-09-02T18:30:01.619815,2024-09-02T18:31:25.375674,83.755859,47,6 6 9 7 8 4 8 0 10 11 1 10 8 4 5 1 4 6 2 7 0 11 11 4 8 8 1 10 10 8 9 2 5 2 0 9 5 7 0 1 5 4 3 0 3 1 1,0,100001,-1,-1,20,10.224346503339929
2024-09-02T18:31:27.223590,2024-09-02T18:32:53.382822,86.159232,47,11 7 8 10 7 8 4 8 9 6 3 8 11 11 3 11 4 6 10 10 5 7 8 7 3 3 1 5 0 9 8 3 3 0 1 11 10 0 3 1 0 5 1 8 3 4 7,0,100001,-1,-1,20,11.43661414563133
2024-09-02T18:32:58.377757,2024-09-02T18:34:29.078268,90.700511,48,10 1 0 11 4 3 3 2 11 1 10 11 8 1 9 6 1 3 3 8 9 0 8 3 11 10 11 8 6 3 7 9 4 0 2 11 6 5 4 2 3 5 1 1 6 1 5 5,0,100001,-1,-1,20,11.31427200134408
2024-09-02T18:34:32.679045,2024-09-02T18:35:58.053639,85.374594,48,9 4 0 11 7 8 1 6 1 8 4 9 5 9 11 1 0 10 3 4 1 3 1 6 4 7 10 5 2 5 5 3 10 11 10 10 1 9 10 2 11 3 2 7 6 4 11 8,0,100001,-1,-1,19,10.996911836904461
2024-09-02T18:36:01.916053,2024-09-02T18:37:43.985577,102.069524,48,3 10 5 0 3 0 5 6 4 1 3 11 3 10 7 6 10 7 2 4 2 3 11 8 8 4 11 9 6 9 6 5 3 2 7 0 1 2 10 2 10 6 9 1 6 6 9 7,0,100001,-1,-1,22,11.717458667424463
2024-09-02T18:37:46.855298,2024-09-02T18:39:06.319077,79.463779,48,8 4 8 0 10 11 1 10 8 4 5 1 4 6 2 7 0 11 11 4 8 8 1 10 10 8 9 2 5 2 0 9 5 7 0 1 5 4 3 0 3 1 1 11 7 8 10 7,0,100001,-1,-1,18,10.923228998616143
2024-09-02T18:39:10.248740,2024-09-02T18:40:39.070358,88.821618,48,8 4 8 9 6 3 8 11 11 3 11 4 6 10 10 5 7 8 7 3 3 1 5 0 9 8 3 3 0 1 11 10 0 3 1 0 5 1 8 3 4 7 3 8 11 9 9 7,0,100001,-1,-1,19,11.862384280176157
2024-09-02T18:40:46.236202,2024-09-02T18:42:03.418839,77.182637,49,10 1 0 11 4 3 3 2 11 1 10 11 8 1 9 6 1 3 3 8 9 0 8 3 11 10 11 8 6 3 7 9 4 0 2 11 6 5 4 2 3 5 1 1 6 1 5 5 9,0,100001,-1,-1,18,10.691582400804219
2024-09-02T18:42:08.532385,2024-09-02T18:43:29.114621,80.582236,49,4 0 11 7 8 1 6 1 8 4 9 5 9 11 1 0 10 3 4 1 3 1 6 4 7 10 5 2 5 5 3 10 11 10 10 1 9 10 2 11 3 2 7 6 4 11 8 3 10,0,100001,-1,-1,19,10.134596892698088
2024-09-02T18:43:31.604880,2024-09-02T18:44:58.932624,87.327744,49,5 0 3 0 5 6 4 1 3 11 3 10 7 6 10 7 2 4 2 3 11 8 8 4 11 9 6 9 6 5 3 2 7 0 1 2 10 2 10 6 9 1 6 6 9 7 8 4 8,0,100001,-1,-1,19,11.239762309615507
2024-09-02T18:45:01.612404,2024-09-02T18:46:21.204154,79.59175,49,0 10 11 1 10 8 4 5 1 4 6 2 7 0 11 11 4 8 8 1 10 10 8 9 2 5 2 0 9 5 7 0 1 5 4 3 0 3 1 1 11 7 8 10 7 8 4 8 9,0,100001,-1,-1,19,11.308267853093382
2024-09-02T18:46:25.729535,2024-09-02T18:47:45.873588,80.144053,49,6 3 8 11 11 3 11 4 6 10 10 5 7 8 7 3 3 1 5 0 9 8 3 3 0 1 11 10 0 3 1 0 5 1 8 3 4 7 3 8 11 9 9 7 3 7 6 3 1,0,100001,-1,-1,20,10.419989542909564
2024-09-02T18:47:49.059274,2024-09-02T18:49:09.603421,80.544147,50,10 1 0 11 4 3 3 2 11 1 10 11 8 1 9 6 1 3 3 8 9 0 8 3 11 10 11 8 6 3 7 9 4 0 2 11 6 5 4 2 3 5 1 1 6 1 5 5 9 4,0,100001,-1,-1,18,10.81382098306831
2024-09-02T18:49:13.162440,2024-09-02T18:50:29.124860,75.96242,50,0 11 7 8 1 6 1 8 4 9 5 9 11 1 0 10 3 4 1 3 1 6 4 7 10 5 2 5 5 3 10 11 10 10 1 9 10 2 11 3 2 7 6 4 11 8 3 10 5 0,0,100001,-1,-1,19,9.652614804025518
2024-09-02T18:50:31.930119,2024-09-02T18:52:17.256879,105.32676,50,3 0 5 6 4 1 3 11 3 10 7 6 10 7 2 4 2 3 11 8 8 4 11 9 6 9 6 5 3 2 7 0 1 2 10 2 10 6 9 1 6 6 9 7 8 4 8 0 10 11,0,100001,-1,-1,21,11.177224212438613
2024-09-02T18:52:19.982781,2024-09-02T18:53:47.368349,87.385568,50,1 10 8 4 5 1 4 6 2 7 0 11 11 4 8 8 1 10 10 8 9 2 5 2 0 9 5 7 0 1 5 4 3 0 3 1 1 11 7 8 10 7 8 4 8 9 6 3 8 11,0,100001,-1,-1,20,11.652170878421543
2024-09-02T18:53:51.263954,2024-09-02T18:55:18.744746,87.480792,50,11 3 11 4 6 10 10 5 7 8 7 3 3 1 5 0 9 8 3 3 0 1 11 10 0 3 1 0 5 1 8 3 4 7 3 8 11 9 9 7 3 7 6 3 1 1 10 6 5 6,0,100001,-1,-1,19,11.652443668321544
